{"stats":{"minecraft:killed":{"minecraft:spider":2,"minecraft:skeleton":10,"minecraft:pig":3,"minecraft:zombie_villager":2,"minecraft:iron_golem":3,"minecraft:creeper":4,"minecraft:sheep":1,"minecraft:zombie":29,"minecraft:glow_squid":1,"minecraft:villager":1,"minecraft:enderman":1,"minecraft:cow":3},"minecraft:killed_by":{"minecraft:iron_golem":1,"minecraft:skeleton":4},"minecraft:picked_up":{"minecraft:crafting_table":3,"minecraft:wheat":48,"minecraft:azure_bluet":4,"minecraft:ladder":10,"minecraft:brewing_stand":3,"minecraft:oak_trapdoor":9,"minecraft:string":2,"minecraft:cobbled_deepslate":137,"minecraft:bucket":1,"minecraft:beef":6,"minecraft:redstone_torch":10,"minecraft:cobblestone_slab":1,"minecraft:poppy":3,"minecraft:minecart":3,"minecraft:stick":7,"minecraft:raw_iron":53,"minecraft:oak_door":1,"minecraft:composter":1,"minecraft:oak_fence":2,"minecraft:torch":40,"minecraft:porkchop":7,"minecraft:cherry_log":76,"minecraft:diorite":4,"minecraft:carrot":134,"minecraft:arrow":9,"minecraft:rotten_flesh":25,"minecraft:hay_block":6,"minecraft:mutton":2,"minecraft:white_wool":2,"minecraft:rail":21,"minecraft:cobblestone":553,"minecraft:oxeye_daisy":1,"minecraft:pink_petals":3,"minecraft:cherry_planks":51,"minecraft:glow_ink_sac":2,"minecraft:andesite":6,"minecraft:leather":3,"minecraft:potato":3,"minecraft:tuff":7,"minecraft:oak_log":9,"minecraft:gunpowder":1,"minecraft:yellow_bed":3,"minecraft:cobblestone_stairs":20,"minecraft:dirt":338,"minecraft:bone":15,"minecraft:bow":1,"minecraft:wheat_seeds":146,"minecraft:iron_ingot":12,"minecraft:stripped_oak_wood":1,"minecraft:powered_rail":2,"minecraft:iron_sword":1,"minecraft:dandelion":5,"minecraft:gravel":4,"minecraft:spider_eye":1,"minecraft:mossy_cobblestone":26,"minecraft:diamond":2,"minecraft:granite":13,"minecraft:cherry_sapling":17,"minecraft:cherry_slab":3,"minecraft:oak_sapling":4,"minecraft:damaged_anvil":1,"minecraft:coal":71,"minecraft:hopper":4,"minecraft:ender_pearl":1},"minecraft:custom":{"minecraft:interact_with_anvil":1,"minecraft:mob_kills":61,"minecraft:interact_with_crafting_table":47,"minecraft:leave_game":1,"minecraft:time_since_death":4270,"minecraft:climb_one_cm":1214,"minecraft:sprint_one_cm":608974,"minecraft:damage_blocked_by_shield":1725,"minecraft:walk_one_cm":494645,"minecraft:drop":33,"minecraft:talked_to_villager":6,"minecraft:play_time":283571,"minecraft:sneak_time":17080,"minecraft:deaths":5,"minecraft:walk_under_water_one_cm":5727,"minecraft:boat_one_cm":3165,"minecraft:interact_with_brewingstand":1,"minecraft:jump":4356,"minecraft:walk_on_water_one_cm":69706,"minecraft:total_world_time":283571,"minecraft:interact_with_furnace":25,"minecraft:sleep_in_bed":13,"minecraft:time_since_rest":4298,"minecraft:damage_taken":5184,"minecraft:damage_dealt":13781,"minecraft:swim_one_cm":12607,"minecraft:fly_one_cm":843470,"minecraft:open_chest":17,"minecraft:crouch_one_cm":49495,"minecraft:fall_one_cm":121023},"minecraft:mined":{"minecraft:tuff":7,"minecraft:mossy_cobblestone":28,"minecraft:deepslate_diamond_ore":2,"minecraft:oak_door":1,"minecraft:sculk_vein":24,"minecraft:cobblestone_stairs":20,"minecraft:cherry_log":77,"minecraft:brewing_stand":3,"minecraft:granite":13,"minecraft:grass_block":207,"minecraft:composter":1,"minecraft:hay_block":6,"minecraft:oak_trapdoor":9,"minecraft:sculk_catalyst":1,"minecraft:carrots":36,"minecraft:iron_ore":46,"minecraft:fire":5,"minecraft:andesite":2,"minecraft:potatoes":1,"minecraft:dirt_path":1,"minecraft:deepslate_iron_ore":8,"minecraft:cobblestone_slab":2,"minecraft:rail":14,"minecraft:stone":288,"minecraft:redstone_wall_torch":2,"minecraft:cherry_planks":55,"minecraft:dandelion":1,"minecraft:oak_fence":2,"minecraft:clay":1,"minecraft:crafting_table":3,"minecraft:torch":10,"minecraft:white_stained_glass_pane":10,"minecraft:sculk_sensor":1,"minecraft:tall_grass":31,"minecraft:cobblestone":270,"minecraft:sculk":193,"minecraft:damaged_anvil":1,"minecraft:diorite":4,"minecraft:wall_torch":11,"minecraft:cherry_slab":4,"minecraft:pink_petals":1,"minecraft:powered_rail":2,"minecraft:cobblestone_wall":2,"minecraft:redstone_torch":3,"minecraft:wheat":50,"minecraft:stripped_oak_wood":1,"minecraft:yellow_bed":3,"minecraft:yellow_stained_glass_pane":10,"minecraft:grass":56,"minecraft:oak_log":9,"minecraft:coal_ore":71,"minecraft:cherry_leaves":17,"minecraft:gravel":4,"minecraft:dirt":102,"minecraft:oak_leaves":1,"minecraft:deepslate":136},"minecraft:used":{"minecraft:cherry_boat":1,"minecraft:oak_trapdoor":3,"minecraft:cherry_sapling":17,"minecraft:stone_sword":45,"minecraft:iron_shovel":242,"minecraft:chest":4,"minecraft:shield":35,"minecraft:iron_sword":161,"minecraft:zombie_spawn_egg":1,"minecraft:stone_hoe":167,"minecraft:rotten_flesh":1,"minecraft:torch":166,"minecraft:dirt":268,"minecraft:hopper":7,"minecraft:carrot":166,"minecraft:tuff":7,"minecraft:pink_carpet":6,"minecraft:granite":12,"minecraft:glass":4,"minecraft:iron_hoe":250,"minecraft:wooden_axe":3,"minecraft:lava_bucket":4,"minecraft:villager_spawn_egg":3,"minecraft:iron_axe":128,"minecraft:cherry_slab":76,"minecraft:cherry_trapdoor":4,"minecraft:hopper_minecart":2,"minecraft:bow":4,"minecraft:beef":2,"minecraft:furnace":2,"minecraft:minecart":3,"minecraft:cooked_beef":2,"minecraft:potato":3,"minecraft:wheat_seeds":139,"minecraft:cooked_mutton":2,"minecraft:water_bucket":86,"minecraft:damaged_anvil":1,"minecraft:cobblestone_stairs":20,"minecraft:stone_pickaxe":16,"minecraft:powered_rail":17,"minecraft:wooden_pickaxe":21,"minecraft:cherry_planks":153,"minecraft:composter":8,"minecraft:rail":89,"minecraft:crafting_table":7,"minecraft:blue_ice":12,"minecraft:redstone_torch":15,"minecraft:bread":39,"minecraft:iron_pickaxe":925,"minecraft:cherry_sign":4,"minecraft:pink_petals":3,"minecraft:stone_axe":56,"minecraft:pink_bed":4,"minecraft:wooden_sword":41,"minecraft:cobblestone":205,"minecraft:grindstone":1,"minecraft:cooked_porkchop":7,"minecraft:stripped_oak_wood":1,"minecraft:bucket":91,"minecraft:yellow_bed":3},"minecraft:dropped":{"minecraft:wheat_seeds":6,"minecraft:cobblestone":13,"minecraft:granite":1,"minecraft:dirt":32,"minecraft:diorite":4,"minecraft:cherry_planks":3,"minecraft:paper":2,"minecraft:string":2,"minecraft:bucket":1,"minecraft:white_wool":1,"minecraft:bone":2,"minecraft:stone_axe":1,"minecraft:azure_bluet":2,"minecraft:carrot":5,"minecraft:poppy":1,"minecraft:andesite":5,"minecraft:hopper":4,"minecraft:redstone_torch":5,"minecraft:ladder":10,"minecraft:oak_sapling":4,"minecraft:spider_eye":1,"minecraft:arrow":2},"minecraft:crafted":{"minecraft:cherry_planks":304,"minecraft:grindstone":1,"minecraft:wooden_sword":1,"minecraft:oak_planks":20,"minecraft:cherry_slab":66,"minecraft:furnace":2,"minecraft:cherry_boat":1,"minecraft:stone":3,"minecraft:cooked_mutton":2,"minecraft:hopper":9,"minecraft:cherry_trapdoor":4,"minecraft:iron_boots":1,"minecraft:iron_axe":1,"minecraft:iron_hoe":1,"minecraft:stone_pickaxe":1,"minecraft:chest":13,"minecraft:rail":112,"minecraft:stone_hoe":1,"minecraft:wheat":54,"minecraft:minecart":3,"minecraft:cooked_beef":2,"minecraft:cooked_porkchop":7,"minecraft:crafting_table":5,"minecraft:wooden_pickaxe":1,"minecraft:iron_helmet":1,"minecraft:iron_sword":1,"minecraft:hopper_minecart":2,"minecraft:bucket":2,"minecraft:stone_axe":1,"minecraft:bread":34,"minecraft:air":0,"minecraft:iron_chestplate":1,"minecraft:cherry_sign":6,"minecraft:shield":1,"minecraft:stick":44,"minecraft:stone_slab":6,"minecraft:iron_ingot":36,"minecraft:iron_pickaxe":4,"minecraft:wooden_axe":1,"minecraft:iron_shovel":1,"minecraft:iron_leggings":1,"minecraft:composter":2,"minecraft:torch":48},"minecraft:broken":{"minecraft:stone_hoe":1,"minecraft:iron_pickaxe":3,"minecraft:iron_hoe":1}},"DataVersion":3465}