{"stats":{"minecraft:used":{"minecraft:cherry_sapling":16,"minecraft:stone_sword":39,"minecraft:iron_shovel":220,"minecraft:chest":2,"minecraft:zombie_spawn_egg":1,"minecraft:stone_hoe":112,"minecraft:rotten_flesh":1,"minecraft:torch":83,"minecraft:dirt":189,"minecraft:hopper":4,"minecraft:carrot":21,"minecraft:pink_carpet":6,"minecraft:tuff":7,"minecraft:granite":12,"minecraft:glass":4,"minecraft:wooden_axe":3,"minecraft:lava_bucket":4,"minecraft:villager_spawn_egg":3,"minecraft:iron_axe":49,"minecraft:cherry_slab":22,"minecraft:furnace":1,"minecraft:cooked_beef":2,"minecraft:potato":3,"minecraft:wheat_seeds":135,"minecraft:cooked_mutton":2,"minecraft:water_bucket":81,"minecraft:damaged_anvil":1,"minecraft:stone_pickaxe":16,"minecraft:wooden_pickaxe":21,"minecraft:cherry_planks":55,"minecraft:composter":6,"minecraft:crafting_table":5,"minecraft:blue_ice":12,"minecraft:bread":19,"minecraft:iron_pickaxe":343,"minecraft:cherry_sign":4,"minecraft:pink_petals":3,"minecraft:stone_axe":56,"minecraft:pink_bed":4,"minecraft:wooden_sword":41,"minecraft:cobblestone":42,"minecraft:cooked_porkchop":7,"minecraft:bucket":85},"minecraft:dropped":{"minecraft:wheat_seeds":4,"minecraft:cobblestone":13,"minecraft:granite":1,"minecraft:dirt":32,"minecraft:diorite":4,"minecraft:cherry_planks":3,"minecraft:paper":2,"minecraft:string":2,"minecraft:white_wool":1,"minecraft:bucket":1,"minecraft:bone":2,"minecraft:stone_axe":1,"minecraft:poppy":1,"minecraft:andesite":5,"minecraft:hopper":4,"minecraft:oak_sapling":4,"minecraft:spider_eye":1,"minecraft:arrow":2},"minecraft:crafted":{"minecraft:cherry_planks":172,"minecraft:wooden_sword":1,"minecraft:oak_planks":20,"minecraft:cherry_slab":12,"minecraft:furnace":1,"minecraft:cooked_mutton":2,"minecraft:hopper":4,"minecraft:iron_boots":1,"minecraft:iron_axe":1,"minecraft:stone_pickaxe":1,"minecraft:chest":6,"minecraft:stone_hoe":1,"minecraft:wheat":54,"minecraft:cooked_beef":2,"minecraft:cooked_porkchop":7,"minecraft:crafting_table":3,"minecraft:wooden_pickaxe":1,"minecraft:iron_helmet":1,"minecraft:bucket":2,"minecraft:stone_axe":1,"minecraft:bread":18,"minecraft:air":0,"minecraft:iron_chestplate":1,"minecraft:cherry_sign":6,"minecraft:stick":32,"minecraft:iron_ingot":36,"minecraft:iron_pickaxe":2,"minecraft:wooden_axe":1,"minecraft:iron_shovel":1,"minecraft:iron_leggings":1,"minecraft:composter":1,"minecraft:torch":32},"minecraft:killed":{"minecraft:spider":2,"minecraft:skeleton":2,"minecraft:pig":3,"minecraft:iron_golem":2,"minecraft:creeper":1,"minecraft:sheep":1,"minecraft:zombie":8,"minecraft:cow":1},"minecraft:broken":{"minecraft:iron_pickaxe":1},"minecraft:custom":{"minecraft:mob_kills":20,"minecraft:interact_with_anvil":1,"minecraft:interact_with_crafting_table":22,"minecraft:leave_game":1,"minecraft:time_since_death":38100,"minecraft:climb_one_cm":286,"minecraft:sprint_one_cm":290690,"minecraft:walk_one_cm":243618,"minecraft:drop":23,"minecraft:talked_to_villager":3,"minecraft:play_time":141823,"minecraft:deaths":1,"minecraft:sneak_time":9716,"minecraft:walk_under_water_one_cm":3572,"minecraft:interact_with_brewingstand":1,"minecraft:jump":2061,"minecraft:walk_on_water_one_cm":57392,"minecraft:total_world_time":141823,"minecraft:interact_with_furnace":23,"minecraft:sleep_in_bed":6,"minecraft:time_since_rest":6613,"minecraft:damage_taken":2148,"minecraft:damage_dealt":5201,"minecraft:swim_one_cm":8526,"minecraft:fly_one_cm":334247,"minecraft:open_chest":5,"minecraft:crouch_one_cm":24061,"minecraft:fall_one_cm":57850},"minecraft:mined":{"minecraft:tuff":7,"minecraft:deepslate_diamond_ore":2,"minecraft:cherry_log":43,"minecraft:granite":13,"minecraft:grass_block":188,"minecraft:hay_block":6,"minecraft:carrots":5,"minecraft:iron_ore":37,"minecraft:andesite":1,"minecraft:potatoes":1,"minecraft:deepslate_iron_ore":7,"minecraft:stone":192,"minecraft:cherry_planks":32,"minecraft:crafting_table":2,"minecraft:torch":4,"minecraft:tall_grass":16,"minecraft:cobblestone":6,"minecraft:damaged_anvil":1,"minecraft:diorite":4,"minecraft:wall_torch":5,"minecraft:cherry_slab":1,"minecraft:pink_petals":1,"minecraft:wheat":50,"minecraft:oak_log":5,"minecraft:grass":25,"minecraft:coal_ore":41,"minecraft:cherry_leaves":16,"minecraft:dirt":57,"minecraft:oak_leaves":1,"minecraft:deepslate":63},"minecraft:picked_up":{"minecraft:crafting_table":2,"minecraft:wheat":48,"minecraft:string":2,"minecraft:cobbled_deepslate":63,"minecraft:bucket":1,"minecraft:beef":2,"minecraft:poppy":1,"minecraft:stick":7,"minecraft:raw_iron":44,"minecraft:torch":15,"minecraft:porkchop":7,"minecraft:cherry_log":43,"minecraft:diorite":4,"minecraft:carrot":21,"minecraft:arrow":2,"minecraft:rotten_flesh":4,"minecraft:hay_block":6,"minecraft:mutton":2,"minecraft:cobblestone":197,"minecraft:white_wool":2,"minecraft:pink_petals":3,"minecraft:cherry_planks":28,"minecraft:andesite":5,"minecraft:leather":1,"minecraft:potato":3,"minecraft:tuff":7,"minecraft:oak_log":5,"minecraft:dirt":242,"minecraft:bone":2,"minecraft:wheat_seeds":140,"minecraft:iron_ingot":8,"minecraft:spider_eye":1,"minecraft:diamond":2,"minecraft:granite":13,"minecraft:cherry_sapling":16,"minecraft:cherry_slab":1,"minecraft:oak_sapling":4,"minecraft:damaged_anvil":1,"minecraft:coal":41,"minecraft:hopper":4},"minecraft:killed_by":{"minecraft:iron_golem":1}},"DataVersion":3465}