{"stats":{"minecraft:killed":{"minecraft:spider":6,"minecraft:skeleton":17,"minecraft:warden":1,"minecraft:pig":3,"minecraft:zombie_villager":3,"minecraft:iron_golem":3,"minecraft:creeper":6,"minecraft:sheep":1,"minecraft:zombie":42,"minecraft:glow_squid":1,"minecraft:villager":1,"minecraft:enderman":1,"minecraft:cow":3},"minecraft:killed_by":{"minecraft:piglin_brute":1,"minecraft:iron_golem":1,"minecraft:skeleton":4},"minecraft:picked_up":{"minecraft:crafting_table":11,"minecraft:wheat":48,"minecraft:azure_bluet":4,"minecraft:ladder":10,"minecraft:gold_block":12,"minecraft:brewing_stand":3,"minecraft:oak_trapdoor":9,"minecraft:string":2,"minecraft:gold_nugget":54,"minecraft:cobbled_deepslate":190,"minecraft:bucket":1,"minecraft:beef":6,"minecraft:cyan_wool":25,"minecraft:redstone_torch":10,"minecraft:cobblestone_slab":1,"minecraft:azalea":2,"minecraft:poppy":3,"minecraft:minecart":3,"minecraft:blue_wool":39,"minecraft:stick":7,"minecraft:raw_iron":56,"minecraft:oak_door":1,"minecraft:composter":1,"minecraft:oak_fence":2,"minecraft:torch":46,"minecraft:porkchop":7,"minecraft:polished_blackstone_bricks":2,"minecraft:cherry_log":76,"minecraft:diorite":4,"minecraft:carrot":134,"minecraft:arrow":12,"minecraft:rotten_flesh":68,"minecraft:light_blue_wool":30,"minecraft:hay_block":6,"minecraft:iron_block":27,"minecraft:gold_ingot":7,"minecraft:obsidian":10,"minecraft:mutton":2,"minecraft:white_wool":12,"minecraft:rail":21,"minecraft:cobblestone":558,"minecraft:oxeye_daisy":1,"minecraft:pink_petals":3,"minecraft:cherry_planks":59,"minecraft:glow_ink_sac":2,"minecraft:andesite":6,"minecraft:leather":3,"minecraft:potato":3,"minecraft:flint":1,"minecraft:tuff":15,"minecraft:oak_log":13,"minecraft:gunpowder":1,"minecraft:yellow_bed":3,"minecraft:cobblestone_stairs":20,"minecraft:dirt":340,"minecraft:name_tag":4,"minecraft:bone":20,"minecraft:bow":1,"minecraft:wheat_seeds":151,"minecraft:spore_blossom":2,"minecraft:iron_ingot":12,"minecraft:stripped_oak_wood":1,"minecraft:powered_rail":2,"minecraft:oak_planks":8,"minecraft:flowering_azalea":1,"minecraft:iron_sword":1,"minecraft:sculk_catalyst":1,"minecraft:dandelion":5,"minecraft:gravel":10,"minecraft:spider_eye":1,"minecraft:mossy_cobblestone":26,"minecraft:diamond":30,"minecraft:cracked_polished_blackstone_bricks":2,"minecraft:granite":13,"minecraft:cherry_sapling":17,"minecraft:gray_wool":69,"minecraft:netherrack":30,"minecraft:cherry_slab":3,"minecraft:oak_sapling":4,"minecraft:damaged_anvil":1,"minecraft:coal":71,"minecraft:hopper":4,"minecraft:ender_pearl":1},"minecraft:custom":{"minecraft:interact_with_anvil":4,"minecraft:mob_kills":91,"minecraft:interact_with_crafting_table":63,"minecraft:leave_game":1,"minecraft:time_since_death":30180,"minecraft:climb_one_cm":3750,"minecraft:sprint_one_cm":780994,"minecraft:damage_blocked_by_shield":3285,"minecraft:walk_one_cm":652937,"minecraft:drop":72,"minecraft:talked_to_villager":7,"minecraft:play_time":421571,"minecraft:sneak_time":33042,"minecraft:deaths":6,"minecraft:walk_under_water_one_cm":8639,"minecraft:boat_one_cm":3165,"minecraft:interact_with_brewingstand":1,"minecraft:jump":5846,"minecraft:walk_on_water_one_cm":82029,"minecraft:total_world_time":421571,"minecraft:interact_with_furnace":30,"minecraft:sleep_in_bed":16,"minecraft:time_since_rest":29809,"minecraft:damage_taken":7289,"minecraft:damage_dealt":23651,"minecraft:swim_one_cm":14509,"minecraft:fly_one_cm":1188335,"minecraft:open_chest":49,"minecraft:crouch_one_cm":108888,"minecraft:fall_one_cm":153512},"minecraft:mined":{"minecraft:nether_gold_ore":8,"minecraft:diamond_ore":12,"minecraft:tuff":20,"minecraft:light_blue_wool":31,"minecraft:mossy_cobblestone":28,"minecraft:deepslate_diamond_ore":13,"minecraft:oak_door":1,"minecraft:sculk_vein":24,"minecraft:cobblestone_stairs":20,"minecraft:cherry_log":77,"minecraft:brewing_stand":3,"minecraft:obsidian":11,"minecraft:granite":13,"minecraft:grass_block":209,"minecraft:cracked_polished_blackstone_bricks":2,"minecraft:blue_wool":39,"minecraft:moss_block":4,"minecraft:composter":1,"minecraft:polished_blackstone_bricks":7,"minecraft:spawner":1,"minecraft:spore_blossom":1,"minecraft:hay_block":6,"minecraft:oak_trapdoor":9,"minecraft:sculk_catalyst":1,"minecraft:carrots":36,"minecraft:iron_ore":46,"minecraft:fire":5,"minecraft:andesite":2,"minecraft:gold_block":14,"minecraft:potatoes":1,"minecraft:dirt_path":1,"minecraft:deepslate_iron_ore":11,"minecraft:cobblestone_slab":2,"minecraft:rail":14,"minecraft:azalea":2,"minecraft:stone":289,"minecraft:white_wool":1,"minecraft:redstone_wall_torch":2,"minecraft:cherry_planks":56,"minecraft:blackstone":1,"minecraft:basalt":1,"minecraft:dandelion":1,"minecraft:oak_fence":2,"minecraft:clay":1,"minecraft:crafting_table":11,"minecraft:torch":15,"minecraft:white_stained_glass_pane":10,"minecraft:sculk_sensor":1,"minecraft:tall_grass":31,"minecraft:cobblestone":273,"minecraft:oak_planks":8,"minecraft:sculk":193,"minecraft:damaged_anvil":1,"minecraft:diorite":4,"minecraft:wall_torch":12,"minecraft:cherry_slab":4,"minecraft:pink_petals":1,"minecraft:cyan_wool":25,"minecraft:gray_wool":69,"minecraft:powered_rail":2,"minecraft:cobblestone_wall":2,"minecraft:redstone_torch":3,"minecraft:wheat":50,"minecraft:stripped_oak_wood":1,"minecraft:yellow_bed":3,"minecraft:yellow_stained_glass_pane":10,"minecraft:grass":62,"minecraft:oak_log":13,"minecraft:coal_ore":71,"minecraft:cherry_leaves":17,"minecraft:gravel":24,"minecraft:dirt":102,"minecraft:cobweb":3,"minecraft:netherrack":31,"minecraft:oak_leaves":1,"minecraft:deepslate":194},"minecraft:used":{"minecraft:cherry_boat":1,"minecraft:oak_trapdoor":3,"minecraft:cherry_sapling":17,"minecraft:cherry_wood":81,"minecraft:stone_sword":45,"minecraft:iron_shovel":242,"minecraft:flint_and_steel":1,"minecraft:ladder":12,"minecraft:chest":4,"minecraft:shield":77,"minecraft:iron_sword":307,"minecraft:zombie_spawn_egg":1,"minecraft:stone_hoe":167,"minecraft:rotten_flesh":1,"minecraft:netherrack":44,"minecraft:torch":197,"minecraft:dirt":268,"minecraft:anvil":1,"minecraft:hopper":7,"minecraft:carrot":228,"minecraft:tuff":7,"minecraft:pink_carpet":6,"minecraft:cyan_wool":25,"minecraft:granite":12,"minecraft:obsidian":10,"minecraft:glass":4,"minecraft:iron_hoe":250,"minecraft:wooden_axe":3,"minecraft:lava_bucket":4,"minecraft:villager_spawn_egg":3,"minecraft:lantern":9,"minecraft:grass_block":5,"minecraft:iron_axe":176,"minecraft:cherry_slab":76,"minecraft:cherry_trapdoor":7,"minecraft:hopper_minecart":2,"minecraft:diamond_chestplate":1,"minecraft:bow":4,"minecraft:beef":2,"minecraft:furnace":2,"minecraft:cherry_log":93,"minecraft:minecart":3,"minecraft:cooked_beef":2,"minecraft:potato":3,"minecraft:cobbled_deepslate":168,"minecraft:golden_boots":1,"minecraft:wheat_seeds":139,"minecraft:cooked_mutton":2,"minecraft:water_bucket":103,"minecraft:damaged_anvil":1,"minecraft:diamond_boots":1,"minecraft:cobblestone_stairs":20,"minecraft:stone_pickaxe":16,"minecraft:powered_rail":17,"minecraft:blue_wool":39,"minecraft:wooden_pickaxe":21,"minecraft:cherry_planks":154,"minecraft:composter":8,"minecraft:white_wool":71,"minecraft:rail":89,"minecraft:crafting_table":16,"minecraft:light_blue_wool":30,"minecraft:blue_ice":12,"minecraft:shears":153,"minecraft:redstone_torch":15,"minecraft:diamond_pickaxe":157,"minecraft:cherry_door":2,"minecraft:bread":39,"minecraft:iron_pickaxe":948,"minecraft:cherry_sign":4,"minecraft:pink_petals":3,"minecraft:stone_axe":56,"minecraft:pink_bed":4,"minecraft:wooden_sword":41,"minecraft:cobblestone":340,"minecraft:grindstone":1,"minecraft:cooked_porkchop":7,"minecraft:stripped_oak_wood":1,"minecraft:bucket":108,"minecraft:yellow_bed":3,"minecraft:diamond_leggings":3,"minecraft:gray_wool":116},"minecraft:dropped":{"minecraft:wheat_seeds":6,"minecraft:spore_blossom":1,"minecraft:cobblestone":14,"minecraft:granite":1,"minecraft:iron_block":27,"minecraft:dirt":38,"minecraft:diorite":4,"minecraft:cherry_planks":10,"minecraft:paper":2,"minecraft:string":2,"minecraft:gold_ingot":7,"minecraft:bucket":1,"minecraft:white_wool":1,"minecraft:bone":2,"minecraft:stone_axe":1,"minecraft:rotten_flesh":31,"minecraft:name_tag":4,"minecraft:azure_bluet":2,"minecraft:carrot":5,"minecraft:poppy":1,"minecraft:iron_chestplate":1,"minecraft:andesite":5,"minecraft:hopper":4,"minecraft:redstone_torch":5,"minecraft:ladder":10,"minecraft:oak_sapling":4,"minecraft:spider_eye":1,"minecraft:arrow":2},"minecraft:crafted":{"minecraft:cherry_planks":304,"minecraft:grindstone":1,"minecraft:wooden_sword":1,"minecraft:oak_planks":52,"minecraft:cherry_slab":66,"minecraft:furnace":2,"minecraft:cherry_boat":1,"minecraft:stone":3,"minecraft:cooked_mutton":2,"minecraft:flint_and_steel":1,"minecraft:hopper":9,"minecraft:cherry_trapdoor":4,"minecraft:diamond_helmet":1,"minecraft:iron_boots":1,"minecraft:iron_axe":1,"minecraft:iron_hoe":1,"minecraft:stone_pickaxe":1,"minecraft:chest":13,"minecraft:diamond_boots":1,"minecraft:rail":112,"minecraft:stone_hoe":1,"minecraft:golden_boots":1,"minecraft:wheat":54,"minecraft:minecart":3,"minecraft:cooked_beef":2,"minecraft:cooked_porkchop":7,"minecraft:crafting_table":6,"minecraft:wooden_pickaxe":1,"minecraft:iron_helmet":1,"minecraft:iron_sword":1,"minecraft:hopper_minecart":2,"minecraft:bucket":2,"minecraft:stone_axe":1,"minecraft:bread":34,"minecraft:air":0,"minecraft:diamond_pickaxe":1,"minecraft:iron_chestplate":1,"minecraft:cherry_sign":6,"minecraft:shield":2,"minecraft:gold_ingot":4,"minecraft:iron_block":30,"minecraft:stick":52,"minecraft:stone_slab":6,"minecraft:iron_ingot":37,"minecraft:iron_pickaxe":4,"minecraft:wooden_axe":2,"minecraft:iron_shovel":1,"minecraft:iron_leggings":1,"minecraft:anvil":1,"minecraft:composter":2,"minecraft:torch":56,"minecraft:shears":1,"minecraft:diamond_chestplate":1},"minecraft:broken":{"minecraft:stone_hoe":1,"minecraft:shield":1,"minecraft:iron_pickaxe":3,"minecraft:iron_hoe":1}},"DataVersion":3465}