{"stats":{"minecraft:used":{"minecraft:cooked_mutton":2,"minecraft:cherry_sapling":6,"minecraft:water_bucket":78,"minecraft:stone_sword":33,"minecraft:damaged_anvil":1,"minecraft:iron_shovel":196,"minecraft:stone_pickaxe":16,"minecraft:chest":2,"minecraft:wooden_pickaxe":21,"minecraft:cherry_planks":28,"minecraft:zombie_spawn_egg":1,"minecraft:composter":5,"minecraft:rotten_flesh":1,"minecraft:torch":60,"minecraft:dirt":184,"minecraft:crafting_table":4,"minecraft:hopper":4,"minecraft:carrot":14,"minecraft:blue_ice":12,"minecraft:tuff":6,"minecraft:pink_carpet":6,"minecraft:granite":12,"minecraft:glass":4,"minecraft:wooden_axe":3,"minecraft:lava_bucket":3,"minecraft:villager_spawn_egg":3,"minecraft:iron_axe":1,"minecraft:cherry_slab":22,"minecraft:bread":13,"minecraft:iron_pickaxe":337,"minecraft:cherry_sign":4,"minecraft:pink_bed":4,"minecraft:stone_axe":56,"minecraft:pink_petals":3,"minecraft:wooden_sword":41,"minecraft:cobblestone":36,"minecraft:furnace":1,"minecraft:cooked_porkchop":7,"minecraft:bucket":81,"minecraft:potato":3,"minecraft:cooked_beef":2},"minecraft:dropped":{"minecraft:poppy":1,"minecraft:hopper":4,"minecraft:cherry_planks":3,"minecraft:arrow":2,"minecraft:bucket":1,"minecraft:white_wool":1},"minecraft:crafted":{"minecraft:cooked_beef":2,"minecraft:cherry_planks":96,"minecraft:wooden_sword":1,"minecraft:oak_planks":20,"minecraft:cooked_porkchop":7,"minecraft:crafting_table":2,"minecraft:iron_helmet":1,"minecraft:wooden_pickaxe":1,"minecraft:furnace":1,"minecraft:bucket":2,"minecraft:stone_axe":1,"minecraft:bread":18,"minecraft:cooked_mutton":2,"minecraft:air":0,"minecraft:hopper":4,"minecraft:iron_boots":1,"minecraft:iron_chestplate":1,"minecraft:cherry_sign":6,"minecraft:iron_axe":1,"minecraft:stick":28,"minecraft:iron_ingot":36,"minecraft:iron_leggings":1,"minecraft:iron_pickaxe":2,"minecraft:stone_pickaxe":1,"minecraft:wooden_axe":1,"minecraft:chest":6,"minecraft:iron_shovel":1,"minecraft:torch":32,"minecraft:wheat":54},"minecraft:killed":{"minecraft:pig":3,"minecraft:spider":1,"minecraft:iron_golem":1,"minecraft:creeper":1,"minecraft:skeleton":2,"minecraft:sheep":1,"minecraft:zombie":7,"minecraft:cow":1},"minecraft:broken":{"minecraft:iron_pickaxe":1},"minecraft:custom":{"minecraft:interact_with_furnace":23,"minecraft:interact_with_anvil":1,"minecraft:mob_kills":17,"minecraft:interact_with_crafting_table":17,"minecraft:leave_game":1,"minecraft:time_since_death":14100,"minecraft:sleep_in_bed":5,"minecraft:climb_one_cm":286,"minecraft:time_since_rest":14148,"minecraft:sprint_one_cm":227578,"minecraft:damage_taken":1971,"minecraft:walk_one_cm":180732,"minecraft:drop":11,"minecraft:damage_dealt":4036,"minecraft:talked_to_villager":3,"minecraft:swim_one_cm":8526,"minecraft:fly_one_cm":270654,"minecraft:open_chest":3,"minecraft:crouch_one_cm":21008,"minecraft:play_time":117823,"minecraft:deaths":1,"minecraft:sneak_time":8770,"minecraft:walk_under_water_one_cm":3572,"minecraft:jump":1681,"minecraft:interact_with_brewingstand":1,"minecraft:walk_on_water_one_cm":56340,"minecraft:total_world_time":117823,"minecraft:fall_one_cm":47243},"minecraft:mined":{"minecraft:tuff":6,"minecraft:cherry_planks":26,"minecraft:cherry_log":24,"minecraft:crafting_table":2,"minecraft:torch":2,"minecraft:granite":13,"minecraft:grass_block":159,"minecraft:cobblestone":6,"minecraft:damaged_anvil":1,"minecraft:diorite":4,"minecraft:wall_torch":5,"minecraft:cherry_slab":1,"minecraft:pink_petals":1,"minecraft:hay_block":6,"minecraft:carrots":5,"minecraft:iron_ore":37,"minecraft:andesite":1,"minecraft:potatoes":1,"minecraft:grass":4,"minecraft:coal_ore":41,"minecraft:oak_log":5,"minecraft:deepslate_iron_ore":6,"minecraft:cherry_leaves":3,"minecraft:dirt":57,"minecraft:deepslate":61,"minecraft:stone":192,"minecraft:oak_leaves":1},"minecraft:picked_up":{"minecraft:pink_petals":3,"minecraft:crafting_table":2,"minecraft:cherry_planks":22,"minecraft:andesite":5,"minecraft:leather":1,"minecraft:potato":3,"minecraft:tuff":6,"minecraft:oak_log":5,"minecraft:dirt":213,"minecraft:string":2,"minecraft:bone":2,"minecraft:wheat_seeds":4,"minecraft:cobbled_deepslate":61,"minecraft:bucket":1,"minecraft:iron_ingot":4,"minecraft:beef":2,"minecraft:poppy":1,"minecraft:raw_iron":43,"minecraft:torch":12,"minecraft:porkchop":7,"minecraft:cherry_log":24,"minecraft:diorite":4,"minecraft:carrot":21,"minecraft:arrow":2,"minecraft:rotten_flesh":4,"minecraft:hay_block":6,"minecraft:granite":13,"minecraft:cherry_sapling":6,"minecraft:damaged_anvil":1,"minecraft:oak_sapling":4,"minecraft:cherry_slab":1,"minecraft:mutton":2,"minecraft:coal":41,"minecraft:hopper":4,"minecraft:white_wool":2,"minecraft:cobblestone":197},"minecraft:killed_by":{"minecraft:iron_golem":1}},"DataVersion":3465}