{"stats":{"minecraft:custom":{"minecraft:interact_with_crafting_table":68,"minecraft:open_barrel":12,"minecraft:leave_game":3,"minecraft:time_since_death":109881,"minecraft:damage_resisted":153,"minecraft:sprint_one_cm":905263,"minecraft:damage_blocked_by_shield":3285,"minecraft:drop":75,"minecraft:talked_to_villager":7,"minecraft:play_time":501272,"minecraft:deaths":6,"minecraft:jump":6853,"minecraft:interact_with_brewingstand":1,"minecraft:walk_on_water_one_cm":89387,"minecraft:interact_with_furnace":31,"minecraft:sleep_in_bed":18,"minecraft:damage_dealt":27526,"minecraft:crouch_one_cm":125773,"minecraft:interact_with_smoker":1,"minecraft:interact_with_smithing_table":4,"minecraft:interact_with_anvil":4,"minecraft:mob_kills":113,"minecraft:climb_one_cm":9188,"minecraft:walk_one_cm":746762,"minecraft:sneak_time":38526,"minecraft:walk_under_water_one_cm":12318,"minecraft:boat_one_cm":3165,"minecraft:total_world_time":501272,"minecraft:time_since_rest":11552,"minecraft:damage_taken":8106,"minecraft:damage_absorbed":120,"minecraft:swim_one_cm":20379,"minecraft:fly_one_cm":1438026,"minecraft:open_chest":88,"minecraft:fall_one_cm":183011},"minecraft:killed":{"minecraft:spider":6,"minecraft:skeleton":17,"minecraft:pig":3,"minecraft:zombie_villager":3,"minecraft:iron_golem":3,"minecraft:creeper":6,"minecraft:sheep":5,"minecraft:zombie":42,"minecraft:glow_squid":1,"minecraft:cow":3,"minecraft:blaze":17,"minecraft:warden":1,"minecraft:wither_skeleton":1,"minecraft:villager":1,"minecraft:enderman":1},"minecraft:used":{"minecraft:cherry_sapling":17,"minecraft:iron_shovel":242,"minecraft:diamond_hoe":3,"minecraft:ladder":12,"minecraft:chest":4,"minecraft:shield":77,"minecraft:iron_sword":307,"minecraft:zombie_spawn_egg":2,"minecraft:rotten_flesh":1,"minecraft:mutton":4,"minecraft:carrot":261,"minecraft:tuff":7,"minecraft:cyan_wool":25,"minecraft:obsidian":10,"minecraft:glass":4,"minecraft:lava_bucket":4,"minecraft:villager_spawn_egg":4,"minecraft:lantern":9,"minecraft:grass_block":5,"minecraft:cherry_leaves":5,"minecraft:hopper_minecart":2,"minecraft:bow":4,"minecraft:furnace":2,"minecraft:potato":3,"minecraft:golden_boots":3,"minecraft:damaged_anvil":1,"minecraft:diamond_boots":3,"minecraft:powered_rail":17,"minecraft:stone_pickaxe":16,"minecraft:wooden_pickaxe":21,"minecraft:composter":8,"minecraft:white_wool":202,"minecraft:light_blue_wool":30,"minecraft:blue_ice":12,"minecraft:shears":153,"minecraft:redstone_torch":15,"minecraft:bread":39,"minecraft:cherry_sign":4,"minecraft:diamond_sword":51,"minecraft:wooden_sword":41,"minecraft:stripped_oak_wood":1,"minecraft:grindstone":1,"minecraft:smithing_table":2,"minecraft:cherry_boat":1,"minecraft:oak_trapdoor":3,"minecraft:cherry_wood":81,"minecraft:stone_sword":45,"minecraft:flint_and_steel":1,"minecraft:stone_hoe":167,"minecraft:netherrack":44,"minecraft:torch":204,"minecraft:dirt":268,"minecraft:anvil":1,"minecraft:hopper":7,"minecraft:pink_carpet":6,"minecraft:granite":17,"minecraft:iron_hoe":250,"minecraft:wooden_axe":3,"minecraft:iron_axe":176,"minecraft:cherry_slab":155,"minecraft:cherry_trapdoor":7,"minecraft:cherry_fence_gate":3,"minecraft:barrel":1,"minecraft:diamond_chestplate":1,"minecraft:beef":2,"minecraft:minecart":3,"minecraft:netherite_pickaxe":118,"minecraft:cooked_beef":2,"minecraft:cobbled_deepslate":205,"minecraft:cherry_log":93,"minecraft:enchanted_golden_apple":1,"minecraft:cobbled_deepslate_wall":1,"minecraft:wheat_seeds":139,"minecraft:cooked_mutton":2,"minecraft:water_bucket":129,"minecraft:cobblestone_stairs":20,"minecraft:blue_wool":39,"minecraft:cherry_planks":247,"minecraft:rail":89,"minecraft:crafting_table":16,"minecraft:diamond_pickaxe":157,"minecraft:cherry_door":2,"minecraft:iron_pickaxe":948,"minecraft:stone_axe":56,"minecraft:pink_petals":3,"minecraft:pink_bed":4,"minecraft:cobblestone":388,"minecraft:cooked_porkchop":7,"minecraft:bucket":135,"minecraft:yellow_bed":3,"minecraft:gray_wool":116,"minecraft:diamond_leggings":3},"minecraft:broken":{"minecraft:iron_hoe":1,"minecraft:stone_hoe":1,"minecraft:shield":1,"minecraft:iron_pickaxe":3},"minecraft:dropped":{"minecraft:spore_blossom":1,"minecraft:dirt":38,"minecraft:white_wool":1,"minecraft:gold_ingot":7,"minecraft:bone":2,"minecraft:stone_axe":1,"minecraft:rotten_flesh":31,"minecraft:azure_bluet":2,"minecraft:carrot":6,"minecraft:poppy":1,"minecraft:hopper":4,"minecraft:ladder":10,"minecraft:arrow":2,"minecraft:wheat_seeds":8,"minecraft:cobblestone":14,"minecraft:granite":1,"minecraft:iron_block":27,"minecraft:diorite":4,"minecraft:cherry_planks":10,"minecraft:paper":2,"minecraft:string":2,"minecraft:bucket":1,"minecraft:name_tag":4,"minecraft:iron_chestplate":1,"minecraft:andesite":5,"minecraft:oak_sapling":4,"minecraft:redstone_torch":5,"minecraft:spider_eye":1},"minecraft:mined":{"minecraft:cobblestone_stairs":20,"minecraft:sculk_vein":24,"minecraft:cherry_log":77,"minecraft:brewing_stand":3,"minecraft:obsidian":11,"minecraft:granite":18,"minecraft:grass_block":210,"minecraft:cracked_polished_blackstone_bricks":2,"minecraft:blue_wool":39,"minecraft:composter":1,"minecraft:spawner":1,"minecraft:polished_blackstone_bricks":7,"minecraft:sculk_catalyst":1,"minecraft:fire":12,"minecraft:iron_ore":46,"minecraft:barrel":1,"minecraft:dirt_path":2,"minecraft:azalea":2,"minecraft:blackstone":1,"minecraft:clay":1,"minecraft:torch":15,"minecraft:white_stained_glass_pane":10,"minecraft:cobblestone":273,"minecraft:damaged_anvil":1,"minecraft:oak_planks":8,"minecraft:wall_torch":12,"minecraft:cherry_slab":4,"minecraft:pink_petals":1,"minecraft:cyan_wool":25,"minecraft:powered_rail":2,"minecraft:wheat":50,"minecraft:stripped_oak_wood":1,"minecraft:yellow_stained_glass_pane":10,"minecraft:grass":62,"minecraft:oak_log":13,"minecraft:dirt":102,"minecraft:netherrack":31,"minecraft:oak_leaves":1,"minecraft:deepslate":232,"minecraft:nether_gold_ore":8,"minecraft:diamond_ore":12,"minecraft:tuff":20,"minecraft:light_blue_wool":31,"minecraft:mossy_cobblestone":28,"minecraft:deepslate_diamond_ore":16,"minecraft:oak_door":1,"minecraft:moss_block":4,"minecraft:hay_block":6,"minecraft:spore_blossom":1,"minecraft:oak_trapdoor":9,"minecraft:carrots":39,"minecraft:andesite":2,"minecraft:gold_block":14,"minecraft:potatoes":1,"minecraft:cobblestone_slab":2,"minecraft:deepslate_iron_ore":11,"minecraft:rail":14,"minecraft:stone":337,"minecraft:white_wool":6,"minecraft:redstone_wall_torch":2,"minecraft:smithing_table":1,"minecraft:cherry_planks":56,"minecraft:basalt":1,"minecraft:dandelion":1,"minecraft:oak_fence":2,"minecraft:crafting_table":11,"minecraft:sculk_sensor":2,"minecraft:tall_grass":31,"minecraft:sculk":234,"minecraft:diorite":4,"minecraft:gray_wool":69,"minecraft:cobblestone_wall":2,"minecraft:redstone_torch":3,"minecraft:yellow_bed":3,"minecraft:coal_ore":81,"minecraft:cherry_leaves":17,"minecraft:gravel":24,"minecraft:cobweb":3},"minecraft:killed_by":{"minecraft:piglin_brute":1,"minecraft:iron_golem":1,"minecraft:skeleton":4},"minecraft:picked_up":{"minecraft:wheat":48,"minecraft:smithing_table":1,"minecraft:brewing_stand":3,"minecraft:string":2,"minecraft:gold_nugget":54,"minecraft:cobbled_deepslate":227,"minecraft:bucket":1,"minecraft:redstone_torch":10,"minecraft:cobblestone_slab":1,"minecraft:azalea":2,"minecraft:blue_wool":39,"minecraft:stick":7,"minecraft:composter":1,"minecraft:oak_fence":2,"minecraft:torch":46,"minecraft:porkchop":7,"minecraft:cherry_log":76,"minecraft:diorite":4,"minecraft:rotten_flesh":68,"minecraft:light_blue_wool":30,"minecraft:iron_block":27,"minecraft:blaze_rod":11,"minecraft:obsidian":10,"minecraft:cobblestone":606,"minecraft:pink_petals":3,"minecraft:cherry_planks":59,"minecraft:andesite":6,"minecraft:potato":3,"minecraft:flint":1,"minecraft:tuff":15,"minecraft:dirt":342,"minecraft:name_tag":4,"minecraft:bone":20,"minecraft:bow":1,"minecraft:wheat_seeds":153,"minecraft:powered_rail":2,"minecraft:oak_planks":8,"minecraft:barrel":1,"minecraft:mossy_cobblestone":26,"minecraft:diamond":34,"minecraft:cracked_polished_blackstone_bricks":2,"minecraft:granite":18,"minecraft:oak_sapling":4,"minecraft:cherry_slab":3,"minecraft:netherrack":30,"minecraft:crafting_table":11,"minecraft:azure_bluet":4,"minecraft:ladder":10,"minecraft:gold_block":12,"minecraft:oak_trapdoor":9,"minecraft:beef":6,"minecraft:cyan_wool":25,"minecraft:poppy":3,"minecraft:minecart":3,"minecraft:raw_iron":56,"minecraft:oak_door":1,"minecraft:polished_blackstone_bricks":2,"minecraft:carrot":143,"minecraft:arrow":12,"minecraft:hay_block":6,"minecraft:gold_ingot":7,"minecraft:mutton":6,"minecraft:rail":21,"minecraft:white_wool":21,"minecraft:oxeye_daisy":1,"minecraft:glow_ink_sac":2,"minecraft:leather":3,"minecraft:oak_log":13,"minecraft:yellow_bed":3,"minecraft:gunpowder":1,"minecraft:cobblestone_stairs":20,"minecraft:spore_blossom":2,"minecraft:iron_ingot":12,"minecraft:stripped_oak_wood":1,"minecraft:iron_sword":1,"minecraft:flowering_azalea":1,"minecraft:sculk_catalyst":1,"minecraft:dandelion":5,"minecraft:gravel":10,"minecraft:spider_eye":1,"minecraft:cherry_sapling":17,"minecraft:gray_wool":69,"minecraft:damaged_anvil":1,"minecraft:coal":86,"minecraft:hopper":4,"minecraft:ender_pearl":1},"minecraft:crafted":{"minecraft:grindstone":1,"minecraft:oak_planks":52,"minecraft:cherry_slab":66,"minecraft:cherry_boat":1,"minecraft:stone":3,"minecraft:cooked_mutton":2,"minecraft:hopper":9,"minecraft:diamond_helmet":1,"minecraft:iron_boots":1,"minecraft:chest":13,"minecraft:rail":112,"minecraft:stone_hoe":1,"minecraft:golden_boots":2,"minecraft:cooked_porkchop":7,"minecraft:crafting_table":6,"minecraft:wooden_pickaxe":1,"minecraft:iron_helmet":1,"minecraft:hopper_minecart":2,"minecraft:iron_chestplate":1,"minecraft:cherry_sign":6,"minecraft:diamond_pickaxe":1,"minecraft:shield":2,"minecraft:stone_slab":6,"minecraft:stick":56,"minecraft:iron_ingot":55,"minecraft:iron_pickaxe":4,"minecraft:iron_block":31,"minecraft:gold_ingot":121,"minecraft:composter":2,"minecraft:shears":1,"minecraft:cherry_planks":304,"minecraft:wooden_sword":1,"minecraft:furnace":2,"minecraft:flint_and_steel":1,"minecraft:cherry_trapdoor":4,"minecraft:iron_axe":1,"minecraft:iron_hoe":1,"minecraft:stone_pickaxe":1,"minecraft:diamond_boots":1,"minecraft:minecart":3,"minecraft:wheat":54,"minecraft:cooked_beef":2,"minecraft:diamond_sword":1,"minecraft:iron_sword":1,"minecraft:bucket":3,"minecraft:stone_axe":1,"minecraft:bread":34,"minecraft:air":0,"minecraft:wooden_axe":2,"minecraft:iron_shovel":1,"minecraft:iron_leggings":1,"minecraft:anvil":1,"minecraft:torch":68,"minecraft:diamond_chestplate":1}},"DataVersion":3465}