{"stats":{"minecraft:used":{"minecraft:cooked_mutton":2,"minecraft:cherry_sapling":6,"minecraft:water_bucket":72,"minecraft:iron_shovel":196,"minecraft:stone_pickaxe":16,"minecraft:chest":2,"minecraft:wooden_pickaxe":21,"minecraft:cherry_planks":15,"minecraft:composter":4,"minecraft:rotten_flesh":1,"minecraft:torch":35,"minecraft:dirt":184,"minecraft:crafting_table":4,"minecraft:hopper":4,"minecraft:pink_carpet":6,"minecraft:granite":11,"minecraft:glass":4,"minecraft:wooden_axe":3,"minecraft:lava_bucket":2,"minecraft:villager_spawn_egg":3,"minecraft:cherry_slab":20,"minecraft:bread":2,"minecraft:iron_pickaxe":222,"minecraft:cherry_sign":4,"minecraft:pink_bed":3,"minecraft:stone_axe":32,"minecraft:pink_petals":3,"minecraft:wooden_sword":41,"minecraft:cobblestone":32,"minecraft:furnace":1,"minecraft:cooked_porkchop":7,"minecraft:bucket":75,"minecraft:cooked_beef":2},"minecraft:dropped":{"minecraft:poppy":1,"minecraft:hopper":4},"minecraft:crafted":{"minecraft:cooked_beef":2,"minecraft:cherry_planks":96,"minecraft:wooden_sword":1,"minecraft:oak_planks":20,"minecraft:cooked_porkchop":7,"minecraft:crafting_table":2,"minecraft:wooden_pickaxe":1,"minecraft:furnace":1,"minecraft:bucket":2,"minecraft:stone_axe":1,"minecraft:cooked_mutton":2,"minecraft:air":0,"minecraft:hopper":4,"minecraft:cherry_sign":6,"minecraft:stick":24,"minecraft:iron_ingot":36,"minecraft:iron_pickaxe":1,"minecraft:stone_pickaxe":1,"minecraft:wooden_axe":1,"minecraft:chest":6,"minecraft:iron_shovel":1,"minecraft:torch":28},"minecraft:killed":{"minecraft:pig":3,"minecraft:spider":1,"minecraft:iron_golem":1,"minecraft:sheep":1,"minecraft:zombie":2,"minecraft:cow":1},"minecraft:custom":{"minecraft:interact_with_furnace":22,"minecraft:mob_kills":9,"minecraft:interact_with_crafting_table":13,"minecraft:leave_game":1,"minecraft:time_since_death":93928,"minecraft:sleep_in_bed":4,"minecraft:climb_one_cm":286,"minecraft:time_since_rest":7803,"minecraft:sprint_one_cm":162375,"minecraft:damage_taken":953,"minecraft:walk_one_cm":143365,"minecraft:drop":5,"minecraft:damage_dealt":2383,"minecraft:talked_to_villager":1,"minecraft:swim_one_cm":8526,"minecraft:fly_one_cm":211273,"minecraft:open_chest":1,"minecraft:crouch_one_cm":18856,"minecraft:play_time":93928,"minecraft:sneak_time":6169,"minecraft:walk_under_water_one_cm":3572,"minecraft:jump":1307,"minecraft:walk_on_water_one_cm":38402,"minecraft:total_world_time":93928,"minecraft:fall_one_cm":34849},"minecraft:mined":{"minecraft:cherry_planks":3,"minecraft:cherry_log":24,"minecraft:crafting_table":2,"minecraft:torch":2,"minecraft:granite":12,"minecraft:grass_block":148,"minecraft:cobblestone":4,"minecraft:diorite":4,"minecraft:wall_torch":2,"minecraft:pink_petals":1,"minecraft:iron_ore":30,"minecraft:andesite":1,"minecraft:grass":4,"minecraft:coal_ore":41,"minecraft:oak_log":5,"minecraft:deepslate_iron_ore":6,"minecraft:cherry_leaves":3,"minecraft:dirt":55,"minecraft:stone":158,"minecraft:oak_leaves":1},"minecraft:picked_up":{"minecraft:pink_petals":3,"minecraft:crafting_table":2,"minecraft:cherry_planks":3,"minecraft:andesite":5,"minecraft:leather":1,"minecraft:oak_log":5,"minecraft:dirt":202,"minecraft:string":2,"minecraft:wheat_seeds":4,"minecraft:iron_ingot":4,"minecraft:beef":2,"minecraft:poppy":1,"minecraft:raw_iron":36,"minecraft:torch":9,"minecraft:porkchop":7,"minecraft:cherry_log":24,"minecraft:diorite":4,"minecraft:rotten_flesh":1,"minecraft:granite":12,"minecraft:cherry_sapling":6,"minecraft:oak_sapling":4,"minecraft:mutton":2,"minecraft:coal":41,"minecraft:hopper":4,"minecraft:white_wool":1,"minecraft:cobblestone":164}},"DataVersion":3465}